id,gameDate,gameWinner,season_id
22300061,2023-10-24,1610612743,1
22300062,2023-10-24,1610612756,1
22300063,2023-10-25,1610612766,1
22300064,2023-10-25,1610612754,1
22300065,2023-10-25,1610612738,1
22300066,2023-10-25,1610612753,1
22300067,2023-10-25,1610612739,1
22300068,2023-10-25,1610612748,1
22300069,2023-10-25,1610612761,1
22300070,2023-10-25,1610612760,1
22300071,2023-10-25,1610612740,1
22300072,2023-10-25,1610612758,1
22300073,2023-10-25,1610612742,1
22300074,2023-10-25,1610612746,1
22300075,2023-10-26,1610612749,1
22300076,2023-10-26,1610612747,1
22300077,2023-10-27,1610612765,1
22300078,2023-10-27,1610612743,1
22300079,2023-10-27,1610612752,1
22300080,2023-10-27,1610612738,1
22300081,2023-10-27,1610612760,1
22300082,2023-10-27,1610612741,1
22300083,2023-10-27,1610612759,1
22300084,2023-10-27,1610612742,1
22300085,2023-10-27,1610612762,1
22300086,2023-10-27,1610612753,1
22300087,2023-10-27,1610612744,1
22300088,2023-10-28,1610612765,1
22300089,2023-10-28,1610612764,1
22300090,2023-10-28,1610612740,1
22300091,2023-10-28,1610612754,1
22300092,2023-10-28,1610612755,1
22300093,2023-10-28,1610612750,1
22300094,2023-10-28,1610612756,1
22300095,2023-10-29,1610612743,1
22300096,2023-10-29,1610612744,1
22300097,2023-10-29,1610612737,1
22300098,2023-10-29,1610612755,1
22300099,2023-10-29,1610612746,1
22300100,2023-10-29,1610612758,1
22300101,2023-10-30,1610612751,1
22300102,2023-10-30,1610612741,1
22300103,2023-10-30,1610612738,1
22300104,2023-10-30,1610612737,1
22300105,2023-10-30,1610612757,1
22300106,2023-10-30,1610612742,1
22300107,2023-10-30,1610612749,1
22300108,2023-10-30,1610612744,1
22300109,2023-10-30,1610612760,1
22300110,2023-10-30,1610612743,1
22300111,2023-10-30,1610612747,1
22300112,2023-10-31,1610612752,1
22300113,2023-10-31,1610612759,1
22300114,2023-10-31,1610612746,1
22300115,2023-11-01,1610612757,1
22300116,2023-11-01,1610612761,1
22300117,2023-11-01,1610612737,1
22300118,2023-11-01,1610612738,1
22300119,2023-11-01,1610612751,1
22300120,2023-11-01,1610612739,1
22300121,2023-11-01,1610612740,1
22300122,2023-11-01,1610612745,1
22300123,2023-11-01,1610612750,1
22300124,2023-11-01,1610612742,1
22300125,2023-11-01,1610612762,1
22300126,2023-11-01,1610612744,1
22300127,2023-11-01,1610612747,1
22300128,2023-11-02,1610612755,1
22300129,2023-11-02,1610612740,1
22300130,2023-11-02,1610612753,1
22300131,2023-11-02,1610612759,1
22300001,2023-11-03,1610612754,1
22300002,2023-11-03,1610612749,1
22300003,2023-11-03,1610612748,1
22300004,2023-11-03,1610612751,1
22300005,2023-11-03,1610612744,1
22300006,2023-11-03,1610612743,1
22300007,2023-11-03,1610612757,1
22300132,2023-11-04,1610612755,1
22300133,2023-11-04,1610612766,1
22300134,2023-11-04,1610612753,1
22300135,2023-11-04,1610612737,1
22300136,2023-11-04,1610612738,1
22300137,2023-11-04,1610612745,1
22300138,2023-11-04,1610612750,1
22300139,2023-11-04,1610612743,1
22300140,2023-11-05,1610612756,1
22300141,2023-11-05,1610612761,1
22300142,2023-11-05,1610612739,1
22300143,2023-11-05,1610612742,1
22300144,2023-11-05,1610612763,1
22300145,2023-11-06,1610612744,1
22300146,2023-11-06,1610612754,1
22300147,2023-11-06,1610612742,1
22300148,2023-11-06,1610612755,1
22300149,2023-11-06,1610612749,1
22300150,2023-11-06,1610612748,1
22300151,2023-11-06,1610612752,1
22300152,2023-11-06,1610612741,1
22300153,2023-11-06,1610612745,1
22300154,2023-11-06,1610612750,1
22300155,2023-11-06,1610612760,1
22300156,2023-11-06,1610612743,1
22300157,2023-11-08,1610612764,1
22300158,2023-11-08,1610612754,1
22300159,2023-11-08,1610612755,1
22300160,2023-11-08,1610612751,1
22300161,2023-11-08,1610612752,1
22300162,2023-11-08,1610612756,1
22300163,2023-11-08,1610612745,1
22300164,2023-11-08,1610612748,1
22300165,2023-11-08,1610612749,1
22300166,2023-11-08,1610612750,1
22300167,2023-11-08,1610612760,1
22300168,2023-11-08,1610612761,1
22300169,2023-11-08,1610612743,1
22300170,2023-11-08,1610612758,1
22300171,2023-11-09,1610612754,1
22300172,2023-11-09,1610612737,1
22300008,2023-11-10,1610612755,1
22300009,2023-11-10,1610612766,1
22300010,2023-11-10,1610612738,1
22300011,2023-11-10,1610612745,1
22300012,2023-11-10,1610612762,1
22300013,2023-11-10,1610612750,1
22300014,2023-11-10,1610612742,1
22300015,2023-11-10,1610612747,1
22300016,2023-11-10,1610612758,1
22300173,2023-11-11,1610612753,1
22300174,2023-11-11,1610612738,1
22300175,2023-11-11,1610612748,1
22300176,2023-11-11,1610612739,1
22300177,2023-11-12,1610612752,1
22300178,2023-11-12,1610612751,1
22300179,2023-11-12,1610612763,1
22300180,2023-11-12,1610612755,1
22300181,2023-11-12,1610612741,1
22300182,2023-11-12,1610612745,1
22300183,2023-11-12,1610612742,1
22300184,2023-11-12,1610612748,1
22300185,2023-11-12,1610612760,1
22300186,2023-11-12,1610612750,1
22300187,2023-11-12,1610612747,1
22300188,2023-11-13,1610612738,1
22300189,2023-11-13,1610612761,1
22300190,2023-11-13,1610612749,1
22300191,2023-11-13,1610612758,1
22300017,2023-11-14,1610612748,1
22300018,2023-11-14,1610612737,1
22300019,2023-11-14,1610612754,1
22300020,2023-11-14,1610612751,1
22300021,2023-11-14,1610612760,1
22300022,2023-11-14,1610612740,1
22300023,2023-11-14,1610612762,1
22300024,2023-11-14,1610612743,1
22300025,2023-11-14,1610612750,1
22300026,2023-11-14,1610612747,1
22300192,2023-11-15,1610612742,1
22300193,2023-11-15,1610612752,1
22300194,2023-11-15,1610612738,1
22300195,2023-11-15,1610612749,1
22300196,2023-11-15,1610612753,1
22300197,2023-11-15,1610612756,1
22300198,2023-11-15,1610612758,1
22300199,2023-11-15,1610612739,1
22300200,2023-11-16,1610612748,1
22300201,2023-11-16,1610612760,1
22300027,2023-11-17,1610612749,1
22300028,2023-11-17,1610612752,1
22300029,2023-11-17,1610612755,1
22300030,2023-11-17,1610612739,1
22300031,2023-11-17,1610612738,1
22300032,2023-11-17,1610612758,1
22300033,2023-11-17,1610612753,1
22300034,2023-11-17,1610612740,1
22300035,2023-11-17,1610612756,1
22300036,2023-11-17,1610612747,1
22300037,2023-11-17,1610612746,1
22300202,2023-11-18,1610612752,1
22300203,2023-11-18,1610612750,1
22300204,2023-11-18,1610612741,1
22300205,2023-11-18,1610612749,1
22300206,2023-11-18,1610612763,1
22300207,2023-11-18,1610612760,1
22300208,2023-11-19,1610612755,1
22300211,2023-11-19,1610612761,1
22300209,2023-11-19,1610612753,1
22300210,2023-11-19,1610612739,1
22300212,2023-11-19,1610612758,1
22300213,2023-11-19,1610612738,1
22300214,2023-11-19,1610612756,1
22300215,2023-11-19,1610612760,1
22300216,2023-11-19,1610612747,1
22300217,2023-11-20,1610612766,1
22300218,2023-11-20,1610612743,1
22300219,2023-11-20,1610612749,1
22300220,2023-11-20,1610612748,1
22300221,2023-11-20,1610612750,1
22300222,2023-11-20,1610612740,1
22300223,2023-11-20,1610612746,1
22300224,2023-11-20,1610612744,1
22300038,2023-11-21,1610612753,1
22300039,2023-11-21,1610612754,1
22300040,2023-11-21,1610612739,1
22300041,2023-11-21,1610612756,1
22300042,2023-11-21,1610612747,1
22300225,2023-11-22,1610612766,1
22300226,2023-11-22,1610612753,1
22300227,2023-11-22,1610612737,1
22300228,2023-11-22,1610612738,1
22300229,2023-11-22,1610612748,1
22300230,2023-11-22,1610612761,1
22300231,2023-11-22,1610612745,1
22300232,2023-11-22,1610612750,1
22300233,2023-11-22,1610612740,1
22300234,2023-11-22,1610612760,1
22300235,2023-11-22,1610612746,1
22300236,2023-11-22,1610612756,1
22300237,2023-11-22,1610612757,1
22300238,2023-11-22,1610612742,1
22300043,2023-11-24,1610612753,1
22300044,2023-11-24,1610612756,1
22300045,2023-11-24,1610612752,1
22300046,2023-11-24,1610612761,1
22300047,2023-11-24,1610612754,1
22300048,2023-11-24,1610612745,1
22300049,2023-11-24,1610612749,1
22300050,2023-11-24,1610612758,1
22300051,2023-11-24,1610612744,1
22300052,2023-11-24,1610612740,1
22300239,2023-11-25,1610612755,1
22300240,2023-11-25,1610612751,1
22300241,2023-11-25,1610612737,1
22300242,2023-11-25,1610612747,1
22300243,2023-11-25,1610612762,1
22300244,2023-11-25,1610612746,1
22300245,2023-11-26,1610612749,1
22300246,2023-11-26,1610612738,1
22300247,2023-11-26,1610612756,1
22300248,2023-11-26,1610612753,1
22300249,2023-11-26,1610612750,1
22300250,2023-11-26,1610612751,1
22300251,2023-11-26,1610612739,1
22300252,2023-11-26,1610612743,1
22300253,2023-11-27,1610612764,1
22300254,2023-11-27,1610612757,1
22300255,2023-11-27,1610612755,1
22300256,2023-11-27,1610612762,1
22300257,2023-11-27,1610612743,1
22300053,2023-11-28,1610612738,1
22300054,2023-11-28,1610612751,1
22300055,2023-11-28,1610612739,1
22300056,2023-11-28,1610612749,1
22300057,2023-11-28,1610612752,1
22300058,2023-11-28,1610612750,1
22300059,2023-11-28,1610612742,1
22300060,2023-11-28,1610612758,1
22300258,2023-11-29,1610612747,1
22300259,2023-11-29,1610612753,1
22300260,2023-11-29,1610612761,1
22300261,2023-11-29,1610612763,1
22300262,2023-11-29,1610612740,1
22300263,2023-11-29,1610612743,1
22300264,2023-11-29,1610612746,1
22300265,2023-11-30,1610612757,1
22300266,2023-11-30,1610612766,1
22300267,2023-11-30,1610612748,1
22300268,2023-11-30,1610612752,1
22300269,2023-11-30,1610612741,1
22300270,2023-11-30,1610612750,1
22300271,2023-11-30,1610612760,1
22300272,2023-11-30,1610612737,1
22300273,2023-11-30,1610612744,1
22300274,2023-12-01,1610612753,1
22300275,2023-12-01,1610612738,1
22300276,2023-12-01,1610612752,1
22300277,2023-12-01,1610612763,1
22300278,2023-12-01,1610612740,1
22300279,2023-12-01,1610612743,1
22300280,2023-12-02,1610612746,1
22300281,2023-12-02,1610612750,1
22300282,2023-12-02,1610612751,1
22300283,2023-12-02,1610612739,1
22300284,2023-12-02,1610612754,1
22300285,2023-12-02,1610612741,1
22300286,2023-12-02,1610612749,1
22300287,2023-12-02,1610612760,1
22300288,2023-12-02,1610612756,1
22300289,2023-12-02,1610612762,1
22300290,2023-12-02,1610612758,1
22300291,2023-12-02,1610612747,1
22301202,2023-12-04,1610612754,1
22301204,2023-12-04,1610612740,1
22301201,2023-12-05,1610612749,1
22301203,2023-12-05,1610612747,1
22301205,2023-12-06,1610612739,1
22301206,2023-12-06,1610612763,1
22301208,2023-12-06,1610612755,1
22301207,2023-12-06,1610612748,1
22301209,2023-12-06,1610612751,1
22301210,2023-12-06,1610612750,1
22301211,2023-12-06,1610612741,1
22301212,2023-12-06,1610612745,1
22301213,2023-12-06,1610612742,1
22301214,2023-12-06,1610612744,1
22301215,2023-12-06,1610612746,1
22301229,2023-12-07,1610612754,1
22301230,2023-12-07,1610612747,1
22301216,2023-12-08,1610612766,1
22301217,2023-12-08,1610612753,1
22301218,2023-12-08,1610612755,1
22301219,2023-12-08,1610612751,1
22301227,2023-12-08,1610612738,1
22301220,2023-12-08,1610612739,1
22301221,2023-12-08,1610612750,1
22301222,2023-12-08,1610612760,1
22301223,2023-12-08,1610612741,1
22301224,2023-12-08,1610612745,1
22301228,2023-12-08,1610612758,1
22301225,2023-12-08,1610612746,1
22301226,2023-12-08,1610612742,1
62300001,2023-12-09,1610612747,1
22300292,2023-12-11,1610612748,1
22300293,2023-12-11,1610612754,1
22300294,2023-12-11,1610612753,1
22300295,2023-12-11,1610612755,1
22300296,2023-12-11,1610612743,1
22300297,2023-12-11,1610612752,1
22300298,2023-12-11,1610612745,1
22300299,2023-12-11,1610612742,1
22300300,2023-12-11,1610612749,1
22300301,2023-12-11,1610612740,1
22300302,2023-12-11,1610612760,1
22300303,2023-12-11,1610612758,1
22300304,2023-12-11,1610612746,1
22300305,2023-12-12,1610612738,1
22300306,2023-12-12,1610612742,1
22300307,2023-12-12,1610612743,1
22300308,2023-12-12,1610612756,1
22300309,2023-12-12,1610612746,1
22300310,2023-12-13,1610612755,1
22300311,2023-12-13,1610612740,1
22300312,2023-12-13,1610612748,1
22300313,2023-12-13,1610612761,1
22300314,2023-12-13,1610612745,1
22300315,2023-12-13,1610612749,1
22300316,2023-12-13,1610612747,1
22300317,2023-12-13,1610612751,1
22300318,2023-12-13,1610612762,1
22300319,2023-12-14,1610612738,1
22300320,2023-12-14,1610612741,1
22300321,2023-12-14,1610612750,1
22300322,2023-12-14,1610612743,1
22300323,2023-12-14,1610612762,1
22300324,2023-12-14,1610612758,1
22300325,2023-12-14,1610612746,1
22300326,2023-12-15,1610612740,1
22300327,2023-12-15,1610612755,1
22300328,2023-12-15,1610612764,1
22300329,2023-12-15,1610612738,1
22300330,2023-12-15,1610612737,1
22300331,2023-12-15,1610612759,1
22300332,2023-12-15,1610612745,1
22300333,2023-12-15,1610612752,1
22300334,2023-12-16,1610612749,1
22300335,2023-12-16,1610612755,1
22300336,2023-12-16,1610612739,1
22300337,2023-12-16,1610612748,1
22300338,2023-12-16,1610612750,1
22300339,2023-12-16,1610612744,1
22300340,2023-12-16,1610612760,1
22300341,2023-12-16,1610612742,1
22300342,2023-12-16,1610612758,1
22300343,2023-12-16,1610612746,1
22300344,2023-12-17,1610612738,1
22300345,2023-12-17,1610612740,1
22300346,2023-12-17,1610612749,1
22300347,2023-12-17,1610612756,1
22300348,2023-12-17,1610612744,1
22300349,2023-12-18,1610612739,1
22300350,2023-12-18,1610612746,1
22300351,2023-12-18,1610612741,1
22300352,2023-12-18,1610612737,1
22300353,2023-12-18,1610612750,1
22300354,2023-12-18,1610612761,1
22300355,2023-12-18,1610612760,1
22300356,2023-12-18,1610612743,1
22300357,2023-12-18,1610612762,1
22300358,2023-12-18,1610612758,1
22300359,2023-12-18,1610612752,1
22300360,2023-12-19,1610612763,1
22300361,2023-12-19,1610612749,1
22300362,2023-12-19,1610612744,1
22300363,2023-12-19,1610612757,1
22300364,2023-12-20,1610612739,1
22300365,2023-12-20,1610612754,1
22300366,2023-12-20,1610612748,1
22300367,2023-12-20,1610612755,1
22300368,2023-12-20,1610612752,1
22300369,2023-12-20,1610612743,1
22300370,2023-12-20,1610612741,1
22300371,2023-12-20,1610612737,1
22300372,2023-12-20,1610612746,1
22300373,2023-12-20,1610612738,1
22300374,2023-12-21,1610612762,1
22300375,2023-12-21,1610612740,1
22300376,2023-12-21,1610612741,1
22300377,2023-12-21,1610612763,1
22300378,2023-12-21,1610612749,1
22300379,2023-12-21,1610612760,1
22300380,2023-12-21,1610612750,1
22300381,2023-12-21,1610612764,1
22300382,2023-12-22,1610612755,1
22300383,2023-12-22,1610612743,1
22300384,2023-12-22,1610612748,1
22300385,2023-12-22,1610612745,1
22300386,2023-12-22,1610612744,1
22300387,2023-12-22,1610612758,1
22300388,2023-12-23,1610612749,1
22300389,2023-12-23,1610612738,1
22300390,2023-12-23,1610612743,1
22300391,2023-12-23,1610612753,1
22300392,2023-12-23,1610612745,1
22300393,2023-12-23,1610612763,1
22300394,2023-12-23,1610612751,1
22300395,2023-12-23,1610612762,1
22300396,2023-12-23,1610612739,1
22300397,2023-12-23,1610612747,1
22300398,2023-12-23,1610612742,1
22300399,2023-12-23,1610612744,1
22300400,2023-12-23,1610612750,1
22300401,2023-12-25,1610612752,1
22300402,2023-12-25,1610612743,1
22300403,2023-12-25,1610612738,1
22300404,2023-12-25,1610612748,1
22300405,2023-12-25,1610612742,1
22300406,2023-12-26,1610612751,1
22300407,2023-12-26,1610612753,1
22300408,2023-12-26,1610612741,1
22300409,2023-12-26,1610612754,1
22300410,2023-12-26,1610612763,1
22300411,2023-12-26,1610612760,1
22300412,2023-12-26,1610612762,1
22300413,2023-12-26,1610612757,1
22300414,2023-12-26,1610612746,1
22300415,2023-12-27,1610612755,1
22300416,2023-12-27,1610612761,1
22300417,2023-12-27,1610612749,1
22300418,2023-12-27,1610612756,1
22300419,2023-12-27,1610612760,1
22300420,2023-12-27,1610612739,1
22300421,2023-12-28,1610612738,1
22300422,2023-12-28,1610612754,1
22300423,2023-12-28,1610612750,1
22300424,2023-12-28,1610612740,1
22300425,2023-12-28,1610612743,1
22300426,2023-12-28,1610612748,1
22300427,2023-12-28,1610612759,1
22300428,2023-12-28,1610612747,1
22300429,2023-12-29,1610612753,1
22300430,2023-12-29,1610612764,1
22300431,2023-12-29,1610612758,1
22300432,2023-12-29,1610612738,1
22300433,2023-12-29,1610612749,1
22300434,2023-12-29,1610612755,1
22300435,2023-12-29,1610612760,1
22300436,2023-12-29,1610612756,1
22300437,2023-12-29,1610612757,1
22300438,2023-12-29,1610612746,1
22300439,2023-12-30,1610612762,1
22300440,2023-12-30,1610612765,1
22300441,2023-12-30,1610612754,1
22300442,2023-12-30,1610612741,1
22300443,2023-12-30,1610612750,1
22300444,2023-12-30,1610612742,1
22300445,2023-12-31,1610612737,1
22300446,2023-12-31,1610612740,1
22300447,2023-12-31,1610612760,1
22300448,2023-12-31,1610612738,1
22300449,2023-12-31,1610612758,1
22300450,2023-12-31,1610612756,1
22300451,2024-01-01,1610612752,1
22300452,2024-01-01,1610612761,1
22300453,2024-01-01,1610612745,1
22300454,2024-01-01,1610612754,1
22300455,2024-01-01,1610612743,1
22300456,2024-01-01,1610612756,1
22300457,2024-01-01,1610612762,1
22300458,2024-01-01,1610612746,1
22300459,2024-01-02,1610612755,1
22300460,2024-01-02,1610612763,1
22300461,2024-01-02,1610612740,1
22300462,2024-01-02,1610612760,1
22300463,2024-01-02,1610612744,1
22300464,2024-01-02,1610612766,1
22300465,2024-01-03,1610612739,1
22300466,2024-01-03,1610612754,1
22300467,2024-01-03,1610612737,1
22300469,2024-01-03,1610612745,1
22300470,2024-01-03,1610612761,1
22300471,2024-01-03,1610612740,1
22300468,2024-01-03,1610612752,1
22300472,2024-01-03,1610612742,1
22300473,2024-01-03,1610612746,1
22300474,2024-01-03,1610612762,1
22300475,2024-01-03,1610612748,1
22300476,2024-01-03,1610612758,1
22300477,2024-01-04,1610612749,1
22300478,2024-01-04,1610612743,1
22300479,2024-01-05,1610612738,1
22300480,2024-01-05,1610612754,1
22300481,2024-01-05,1610612751,1
22300482,2024-01-05,1610612739,1
22300483,2024-01-05,1610612752,1
22300484,2024-01-05,1610612741,1
22300485,2024-01-05,1610612750,1
22300486,2024-01-05,1610612746,1
22300487,2024-01-05,1610612742,1
22300488,2024-01-05,1610612753,1
22300489,2024-01-05,1610612756,1
22300490,2024-01-05,1610612744,1
22300491,2024-01-05,1610612763,1
22300492,2024-01-05,1610612758,1
22300493,2024-01-06,1610612738,1
22300494,2024-01-06,1610612752,1
22300495,2024-01-06,1610612762,1
22300496,2024-01-06,1610612745,1
22300497,2024-01-07,1610612739,1
22300498,2024-01-07,1610612757,1
22300499,2024-01-07,1610612753,1
22300500,2024-01-07,1610612740,1
22300501,2024-01-07,1610612742,1
22300502,2024-01-07,1610612743,1
22300503,2024-01-07,1610612763,1
22300504,2024-01-07,1610612761,1
22300505,2024-01-07,1610612747,1
22300506,2024-01-08,1610612741,1
22300507,2024-01-08,1610612754,1
22300508,2024-01-08,1610612760,1
22300509,2024-01-08,1610612748,1
22300510,2024-01-08,1610612762,1
22300511,2024-01-08,1610612746,1
22300512,2024-01-09,1610612758,1
22300513,2024-01-09,1610612750,1
22300514,2024-01-09,1610612752,1
22300515,2024-01-09,1610612763,1
22300516,2024-01-09,1610612747,1
22300517,2024-01-10,1610612738,1
22300518,2024-01-10,1610612758,1
22300519,2024-01-10,1610612759,1
22300520,2024-01-10,1610612754,1
22300521,2024-01-10,1610612737,1
22300522,2024-01-10,1610612760,1
22300523,2024-01-10,1610612741,1
22300525,2024-01-10,1610612740,1
22300524,2024-01-10,1610612762,1
22300526,2024-01-10,1610612746,1
22300527,2024-01-11,1610612739,1
22300528,2024-01-11,1610612749,1
22300529,2024-01-11,1610612760,1
22300530,2024-01-11,1610612742,1
22300531,2024-01-11,1610612756,1
22300532,2024-01-12,1610612755,1
22300533,2024-01-12,1610612754,1
22300534,2024-01-12,1610612745,1
22300535,2024-01-12,1610612748,1
22300536,2024-01-12,1610612744,1
22300537,2024-01-12,1610612746,1
22300538,2024-01-12,1610612750,1
22300541,2024-01-12,1610612759,1
22300540,2024-01-12,1610612762,1
22300539,2024-01-12,1610612743,1
22300542,2024-01-13,1610612738,1
22300543,2024-01-13,1610612764,1
22300544,2024-01-13,1610612752,1
22300545,2024-01-13,1610612749,1
22300546,2024-01-13,1610612760,1
22300547,2024-01-13,1610612740,1
22300548,2024-01-13,1610612741,1
22300549,2024-01-13,1610612762,1
22300550,2024-01-14,1610612743,1
22300551,2024-01-14,1610612748,1
22300552,2024-01-14,1610612749,1
22300553,2024-01-14,1610612750,1
22300554,2024-01-14,1610612756,1
22300555,2024-01-15,1610612755,1
22300556,2024-01-15,1610612742,1
22300557,2024-01-15,1610612753,1
22300558,2024-01-15,1610612765,1
22300559,2024-01-15,1610612737,1
22300560,2024-01-15,1610612763,1
22300561,2024-01-15,1610612739,1
22300562,2024-01-15,1610612748,1
22300563,2024-01-15,1610612738,1
22300564,2024-01-15,1610612762,1
22300565,2024-01-15,1610612747,1
22300566,2024-01-16,1610612755,1
22300567,2024-01-16,1610612756,1
22300568,2024-01-16,1610612746,1
22300569,2024-01-17,1610612750,1
22300570,2024-01-17,1610612737,1
22300571,2024-01-17,1610612738,1
22300572,2024-01-17,1610612739,1
22300573,2024-01-17,1610612752,1
22300574,2024-01-17,1610612761,1
22300575,2024-01-17,1610612740,1
22300577,2024-01-17,1610612747,1
22300578,2024-01-17,1610612757,1
22300579,2024-01-18,1610612752,1
22300580,2024-01-18,1610612741,1
22300581,2024-01-18,1610612760,1
22300582,2024-01-18,1610612750,1
22300583,2024-01-18,1610612754,1
22300584,2024-01-19,1610612766,1
22300585,2024-01-19,1610612755,1
22300586,2024-01-19,1610612743,1
22300587,2024-01-19,1610612737,1
22300588,2024-01-19,1610612756,1
22300590,2024-01-19,1610612757,1
22300591,2024-01-19,1610612751,1
22300592,2024-01-20,1610612749,1
22300593,2024-01-20,1610612755,1
22300594,2024-01-20,1610612759,1
22300595,2024-01-20,1610612739,1
22300596,2024-01-20,1610612752,1
22300597,2024-01-20,1610612741,1
22300598,2024-01-20,1610612745,1
22300599,2024-01-20,1610612760,1
22300600,2024-01-21,1610612746,1
22300601,2024-01-21,1610612753,1
22300602,2024-01-21,1610612743,1
22300603,2024-01-21,1610612738,1
22300604,2024-01-21,1610612756,1
22300605,2024-01-21,1610612747,1
22300606,2024-01-22,1610612749,1
22300607,2024-01-22,1610612739,1
22300608,2024-01-22,1610612755,1
22300609,2024-01-22,1610612763,1
22300610,2024-01-22,1610612766,1
22300611,2024-01-22,1610612738,1
22300612,2024-01-22,1610612756,1
22300613,2024-01-22,1610612758,1
22300614,2024-01-23,1610612743,1
22300615,2024-01-23,1610612752,1
22300616,2024-01-23,1610612740,1
22300617,2024-01-23,1610612760,1
22300618,2024-01-23,1610612746,1
22300619,2024-01-24,1610612765,1
22300620,2024-01-24,1610612750,1
22300621,2024-01-24,1610612763,1
22300623,2024-01-24,1610612757,1
22300624,2024-01-24,1610612749,1
22300625,2024-01-24,1610612756,1
22300622,2024-01-24,1610612760,1
22300626,2024-01-24,1610612744,1
22300627,2024-01-25,1610612754,1
22300628,2024-01-25,1610612762,1
22300629,2024-01-25,1610612750,1
22300630,2024-01-25,1610612738,1
22300631,2024-01-25,1610612752,1
22300632,2024-01-25,1610612758,1
22300633,2024-01-25,1610612747,1
22300634,2024-01-26,1610612742,1
22300635,2024-01-26,1610612745,1
22300636,2024-01-26,1610612754,1
22300637,2024-01-26,1610612746,1
22300638,2024-01-26,1610612763,1
22300639,2024-01-26,1610612739,1
22300640,2024-01-26,1610612760,1
22300641,2024-01-26,1610612759,1
22300642,2024-01-27,1610612764,1
22300643,2024-01-27,1610612752,1
22300644,2024-01-27,1610612743,1
22300645,2024-01-27,1610612751,1
22300646,2024-01-27,1610612746,1
22300647,2024-01-27,1610612762,1
22300648,2024-01-27,1610612749,1
22300649,2024-01-27,1610612759,1
22300650,2024-01-27,1610612747,1
22300651,2024-01-27,1610612758,1
22300654,2024-01-28,1610612765,1
22300652,2024-01-28,1610612754,1
22300653,2024-01-28,1610612737,1
22300655,2024-01-28,1610612753,1
22300656,2024-01-28,1610612741,1
22300657,2024-01-29,1610612752,1
22300658,2024-01-29,1610612739,1
22300659,2024-01-29,1610612738,1
22300660,2024-01-29,1610612751,1
22300661,2024-01-29,1610612756,1
22300662,2024-01-29,1610612745,1
22300663,2024-01-29,1610612758,1
22300664,2024-01-29,1610612750,1
22300665,2024-01-29,1610612764,1
22300666,2024-01-29,1610612742,1
22300667,2024-01-29,1610612743,1
22300668,2024-01-29,1610612757,1
22300669,2024-01-30,1610612737,1
22300670,2024-01-30,1610612738,1
22300671,2024-01-30,1610612752,1
22300672,2024-01-30,1610612761,1
22300673,2024-01-30,1610612744,1
22300674,2024-01-31,1610612741,1
22300675,2024-01-31,1610612739,1
22300676,2024-01-31,1610612746,1
22300678,2024-01-31,1610612748,1
22300679,2024-01-31,1610612740,1
22300680,2024-01-31,1610612750,1
22300681,2024-01-31,1610612753,1
22300682,2024-01-31,1610612760,1
22300677,2024-01-31,1610612756,1
22300683,2024-01-31,1610612757,1
22300684,2024-02-01,1610612747,1
22300685,2024-02-01,1610612752,1
22300687,2024-02-01,1610612739,1
22300686,2024-02-01,1610612755,1
22300688,2024-02-02,1610612746,1
22300689,2024-02-02,1610612748,1
22300690,2024-02-02,1610612737,1
22300691,2024-02-02,1610612758,1
22300692,2024-02-02,1610612745,1
22300693,2024-02-02,1610612744,1
22300694,2024-02-02,1610612753,1
22300695,2024-02-02,1610612760,1
22300696,2024-02-02,1610612740,1
22300697,2024-02-02,1610612743,1
22300698,2024-02-03,1610612751,1
22300699,2024-02-03,1610612737,1
22300700,2024-02-03,1610612758,1
22300701,2024-02-03,1610612747,1
22300702,2024-02-03,1610612749,1
22300703,2024-02-03,1610612739,1
22300704,2024-02-04,1610612753,1
22300705,2024-02-04,1610612756,1
22300706,2024-02-04,1610612738,1
22300707,2024-02-04,1610612754,1
22300708,2024-02-04,1610612746,1
22300709,2024-02-04,1610612750,1
22300710,2024-02-04,1610612760,1
22300711,2024-02-04,1610612762,1
22300712,2024-02-04,1610612743,1
22300713,2024-02-05,1610612747,1
22300714,2024-02-05,1610612739,1
22300715,2024-02-05,1610612742,1
22300716,2024-02-05,1610612746,1
22300717,2024-02-05,1610612744,1
22300718,2024-02-05,1610612740,1
22300719,2024-02-06,1610612754,1
22300720,2024-02-06,1610612742,1
22300721,2024-02-06,1610612748,1
22300722,2024-02-06,1610612752,1
22300723,2024-02-06,1610612741,1
22300724,2024-02-06,1610612762,1
22300725,2024-02-06,1610612756,1
22300726,2024-02-07,1610612761,1
22300728,2024-02-07,1610612739,1
22300727,2024-02-07,1610612744,1
22300729,2024-02-07,1610612738,1
22300730,2024-02-07,1610612748,1
22300731,2024-02-07,1610612740,1
22300732,2024-02-07,1610612765,1
22300733,2024-02-08,1610612744,1
22300734,2024-02-08,1610612753,1
22300735,2024-02-08,1610612739,1
22300736,2024-02-08,1610612742,1
22300737,2024-02-08,1610612741,1
22300738,2024-02-08,1610612750,1
22300739,2024-02-08,1610612756,1
22300740,2024-02-08,1610612743,1
22300741,2024-02-08,1610612765,1
22300742,2024-02-09,1610612737,1
22300743,2024-02-09,1610612738,1
22300744,2024-02-09,1610612761,1
22300745,2024-02-09,1610612749,1
22300746,2024-02-09,1610612758,1
22300747,2024-02-09,1610612747,1
22300748,2024-02-10,1610612742,1
22300749,2024-02-10,1610612746,1
22300750,2024-02-10,1610612751,1
22300751,2024-02-10,1610612766,1
22300752,2024-02-10,1610612753,1
22300753,2024-02-10,1610612755,1
22300754,2024-02-10,1610612737,1
22300755,2024-02-10,1610612754,1
22300756,2024-02-10,1610612739,1
22300757,2024-02-10,1610612744,1
22300758,2024-02-10,1610612740,1
22300759,2024-02-11,1610612738,1
22300760,2024-02-11,1610612760,1
22300761,2024-02-12,1610612766,1
22300762,2024-02-12,1610612755,1
22300763,2024-02-12,1610612741,1
22300764,2024-02-12,1610612759,1
22300765,2024-02-12,1610612745,1
22300766,2024-02-12,1610612740,1
22300767,2024-02-12,1610612749,1
22300768,2024-02-12,1610612742,1
22300769,2024-02-12,1610612744,1
22300770,2024-02-12,1610612750,1
22300771,2024-02-13,1610612738,1
22300772,2024-02-13,1610612760,1
22300773,2024-02-13,1610612748,1
22300774,2024-02-13,1610612756,1
22300775,2024-02-13,1610612750,1
22300776,2024-02-13,1610612747,1
22300777,2024-02-14,1610612766,1
22300778,2024-02-14,1610612753,1
22300779,2024-02-14,1610612748,1
22300780,2024-02-14,1610612738,1
22300781,2024-02-14,1610612739,1
22300782,2024-02-14,1610612754,1
22300783,2024-02-14,1610612763,1
22300784,2024-02-14,1610612740,1
22300785,2024-02-14,1610612742,1
22300786,2024-02-14,1610612758,1
22300787,2024-02-14,1610612756,1
22300788,2024-02-14,1610612747,1
22300789,2024-02-14,1610612746,1
22300790,2024-02-15,1610612763,1
22300576,2024-02-15,1610612744,1
22300791,2024-02-15,1610612750,1
32300001,2024-02-18,1610616833,1
22300792,2024-02-22,1610612753,1
22300793,2024-02-22,1610612754,1
22300794,2024-02-22,1610612752,1
22300795,2024-02-22,1610612761,1
22300796,2024-02-22,1610612742,1
22300797,2024-02-22,1610612738,1
22300798,2024-02-22,1610612740,1
22300799,2024-02-22,1610612760,1
22300800,2024-02-22,1610612743,1
22300801,2024-02-22,1610612766,1
22300802,2024-02-22,1610612744,1
22300803,2024-02-22,1610612758,1
22300804,2024-02-23,1610612761,1
22300805,2024-02-23,1610612755,1
22300806,2024-02-23,1610612745,1
22300807,2024-02-23,1610612746,1
22300809,2024-02-23,1610612760,1
22300810,2024-02-23,1610612748,1
22300808,2024-02-23,1610612749,1
22300811,2024-02-23,1610612744,1
22300812,2024-02-23,1610612743,1
22300813,2024-02-23,1610612747,1
22300814,2024-02-24,1610612753,1
22300816,2024-02-24,1610612738,1
22300815,2024-02-24,1610612750,1
22300817,2024-02-25,1610612749,1
22300818,2024-02-25,1610612756,1
22300819,2024-02-25,1610612754,1
22300820,2024-02-25,1610612739,1
22300821,2024-02-25,1610612737,1
22300822,2024-02-25,1610612760,1
22300823,2024-02-25,1610612741,1
22300824,2024-02-25,1610612743,1
22300825,2024-02-25,1610612762,1
22300826,2024-02-25,1610612766,1
22300827,2024-02-25,1610612758,1
22300829,2024-02-26,1610612761,1
22300828,2024-02-26,1610612752,1
22300830,2024-02-26,1610612751,1
22300831,2024-02-26,1610612748,1
22300832,2024-02-27,1610612739,1
22300833,2024-02-27,1610612753,1
22300834,2024-02-27,1610612744,1
22300835,2024-02-27,1610612737,1
22300836,2024-02-27,1610612738,1
22300837,2024-02-27,1610612740,1
22300838,2024-02-27,1610612750,1
22300839,2024-02-27,1610612765,1
22300840,2024-02-27,1610612749,1
22300841,2024-02-27,1610612760,1
22300842,2024-02-27,1610612748,1
22300843,2024-02-28,1610612754,1
22300844,2024-02-28,1610612742,1
22300845,2024-02-28,1610612750,1
22300846,2024-02-28,1610612741,1
22300847,2024-02-28,1610612743,1
22300848,2024-02-28,1610612747,1
22300849,2024-02-29,1610612749,1
22300850,2024-02-29,1610612753,1
22300851,2024-02-29,1610612751,1
22300852,2024-02-29,1610612744,1
22300853,2024-02-29,1610612759,1
22300854,2024-02-29,1610612756,1
22300855,2024-02-29,1610612743,1
22300856,2024-02-29,1610612747,1
22300857,2024-03-01,1610612739,1
22300858,2024-03-01,1610612755,1
22300859,2024-03-01,1610612738,1
22300860,2024-03-01,1610612744,1
22300861,2024-03-01,1610612757,1
22300862,2024-03-01,1610612758,1
22300863,2024-03-01,1610612740,1
22300864,2024-03-01,1610612749,1
22300865,2024-03-01,1610612746,1
22300866,2024-03-02,1610612751,1
22300867,2024-03-02,1610612748,1
22300868,2024-03-02,1610612757,1
22300869,2024-03-02,1610612743,1
22300870,2024-03-02,1610612745,1
22300871,2024-03-03,1610612755,1
22300872,2024-03-03,1610612738,1
22300873,2024-03-03,1610612746,1
22300874,2024-03-03,1610612753,1
22300875,2024-03-03,1610612761,1
22300876,2024-03-03,1610612752,1
22300877,2024-03-03,1610612759,1
22300878,2024-03-03,1610612760,1
22300879,2024-03-04,1610612763,1
22300880,2024-03-04,1610612749,1
22300881,2024-03-04,1610612750,1
22300882,2024-03-04,1610612762,1
22300883,2024-03-04,1610612741,1
22300884,2024-03-04,1610612747,1
22300885,2024-03-05,1610612753,1
22300886,2024-03-05,1610612739,1
22300887,2024-03-05,1610612751,1
22300888,2024-03-05,1610612748,1
22300889,2024-03-05,1610612737,1
22300890,2024-03-05,1610612740,1
22300891,2024-03-05,1610612745,1
22300892,2024-03-05,1610612754,1
22300893,2024-03-05,1610612756,1
22300894,2024-03-06,1610612753,1
22300895,2024-03-06,1610612737,1
22300896,2024-03-06,1610612763,1
22300897,2024-03-06,1610612746,1
22300898,2024-03-06,1610612741,1
22300899,2024-03-06,1610612744,1
22300900,2024-03-06,1610612760,1
22300901,2024-03-06,1610612758,1
22300902,2024-03-07,1610612765,1
22300903,2024-03-07,1610612750,1
22300904,2024-03-07,1610612742,1
22300905,2024-03-07,1610612756,1
22300906,2024-03-07,1610612743,1
22300907,2024-03-07,1610612741,1
22300908,2024-03-07,1610612758,1
22300909,2024-03-08,1610612740,1
22300910,2024-03-08,1610612764,1
22300911,2024-03-08,1610612739,1
22300912,2024-03-08,1610612752,1
22300913,2024-03-08,1610612737,1
22300914,2024-03-08,1610612760,1
22300915,2024-03-08,1610612747,1
22300916,2024-03-08,1610612745,1
22300917,2024-03-09,1610612746,1
22300918,2024-03-09,1610612766,1
22300919,2024-03-09,1610612742,1
22300920,2024-03-09,1610612738,1
22300921,2024-03-09,1610612759,1
22300922,2024-03-09,1610612743,1
22300923,2024-03-09,1610612757,1
22300924,2024-03-10,1610612749,1
22300925,2024-03-10,1610612740,1
22300926,2024-03-10,1610612764,1
22300928,2024-03-10,1610612754,1
22300929,2024-03-10,1610612745,1
22300927,2024-03-10,1610612755,1
22300930,2024-03-10,1610612751,1
22300931,2024-03-10,1610612760,1
22300932,2024-03-10,1610612747,1
22300933,2024-03-11,1610612765,1
22300934,2024-03-11,1610612756,1
22300935,2024-03-11,1610612742,1
22300936,2024-03-11,1610612744,1
22300937,2024-03-11,1610612743,1
22300938,2024-03-11,1610612738,1
22300939,2024-03-12,1610612752,1
22300940,2024-03-12,1610612763,1
22300941,2024-03-12,1610612754,1
22300942,2024-03-12,1610612745,1
22300943,2024-03-12,1610612738,1
22300944,2024-03-12,1610612750,1
22300945,2024-03-12,1610612758,1
22300946,2024-03-13,1610612765,1
22300947,2024-03-13,1610612753,1
22300948,2024-03-13,1610612741,1
22300949,2024-03-13,1610612743,1
22300950,2024-03-13,1610612766,1
22300951,2024-03-13,1610612739,1
22300952,2024-03-13,1610612742,1
22300953,2024-03-13,1610612757,1
22300954,2024-03-13,1610612758,1
22300955,2024-03-14,1610612738,1
22300956,2024-03-14,1610612746,1
22300957,2024-03-14,1610612745,1
22300958,2024-03-14,1610612749,1
22300959,2024-03-14,1610612760,1
22300960,2024-03-14,1610612752,1
22300961,2024-03-15,1610612756,1
22300962,2024-03-15,1610612748,1
22300963,2024-03-15,1610612753,1
22300964,2024-03-15,1610612740,1
22300965,2024-03-15,1610612743,1
22300966,2024-03-15,1610612762,1
22300967,2024-03-16,1610612745,1
22300968,2024-03-16,1610612754,1
22300969,2024-03-16,1610612755,1
22300970,2024-03-16,1610612740,1
22300971,2024-03-16,1610612741,1
22300972,2024-03-16,1610612760,1
22300973,2024-03-16,1610612744,1
22300974,2024-03-16,1610612750,1
22300975,2024-03-16,1610612752,1
22300976,2024-03-17,1610612749,1
22300977,2024-03-17,1610612748,1
22300978,2024-03-17,1610612742,1
22300979,2024-03-17,1610612753,1
22300980,2024-03-17,1610612738,1
22300981,2024-03-17,1610612759,1
22300982,2024-03-17,1610612737,1
22300983,2024-03-18,1610612739,1
22300984,2024-03-18,1610612738,1
22300985,2024-03-18,1610612755,1
22300986,2024-03-18,1610612741,1
22300987,2024-03-18,1610612750,1
22300988,2024-03-18,1610612752,1
22300989,2024-03-18,1610612758,1
22300990,2024-03-18,1610612747,1
22300991,2024-03-19,1610612753,1
22300992,2024-03-19,1610612745,1
22300993,2024-03-19,1610612740,1
22300994,2024-03-19,1610612742,1
22300995,2024-03-19,1610612743,1
22300996,2024-03-20,1610612748,1
22300997,2024-03-20,1610612754,1
22300998,2024-03-20,1610612738,1
22300999,2024-03-20,1610612758,1
22301000,2024-03-20,1610612760,1
22301001,2024-03-20,1610612744,1
22301002,2024-03-20,1610612756,1
22301003,2024-03-20,1610612746,1
22301004,2024-03-21,1610612753,1
22301005,2024-03-21,1610612764,1
22301006,2024-03-21,1610612745,1
22301007,2024-03-21,1610612749,1
22301008,2024-03-21,1610612742,1
22301009,2024-03-21,1610612743,1
22301010,2024-03-21,1610612756,1
22301011,2024-03-22,1610612738,1
22301012,2024-03-22,1610612760,1
22301013,2024-03-22,1610612740,1
22301014,2024-03-22,1610612750,1
22301015,2024-03-22,1610612763,1
22301016,2024-03-22,1610612754,1
22301017,2024-03-22,1610612746,1
22301018,2024-03-22,1610612747,1
22301019,2024-03-23,1610612752,1
22301020,2024-03-23,1610612758,1
22301021,2024-03-23,1610612737,1
22301022,2024-03-23,1610612764,1
22301023,2024-03-23,1610612738,1
22301024,2024-03-23,1610612745,1
22301025,2024-03-23,1610612756,1
22301026,2024-03-23,1610612743,1
22301027,2024-03-24,1610612740,1
22301028,2024-03-24,1610612755,1
22301029,2024-03-24,1610612748,1
22301030,2024-03-24,1610612749,1
22301031,2024-03-24,1610612750,1
22301032,2024-03-24,1610612747,1
22301033,2024-03-25,1610612739,1
22301034,2024-03-25,1610612737,1
22301035,2024-03-25,1610612752,1
22301036,2024-03-25,1610612751,1
22301037,2024-03-25,1610612764,1
22301038,2024-03-25,1610612745,1
22301039,2024-03-25,1610612759,1
22301040,2024-03-25,1610612743,1
22301041,2024-03-25,1610612742,1
22301042,2024-03-25,1610612758,1
22301043,2024-03-25,1610612754,1
22301044,2024-03-26,1610612744,1
22301045,2024-03-26,1610612747,1
22301046,2024-03-26,1610612760,1
22301047,2024-03-26,1610612742,1
22301048,2024-03-27,1610612766,1
22301049,2024-03-27,1610612744,1
22301050,2024-03-27,1610612751,1
22301051,2024-03-27,1610612737,1
22301052,2024-03-27,1610612746,1
22301053,2024-03-27,1610612752,1
22301054,2024-03-27,1610612741,1
22301055,2024-03-27,1610612747,1
22301056,2024-03-27,1610612750,1
22301057,2024-03-27,1610612745,1
22301058,2024-03-27,1610612759,1
22301059,2024-03-27,1610612756,1
22301060,2024-03-28,1610612737,1
22301061,2024-03-28,1610612740,1
22301062,2024-03-29,1610612744,1
22301063,2024-03-29,1610612754,1
22301064,2024-03-29,1610612746,1
22301065,2024-03-29,1610612765,1
22301066,2024-03-29,1610612751,1
22301067,2024-03-29,1610612739,1
22301068,2024-03-29,1610612748,1
22301069,2024-03-29,1610612760,1
22301070,2024-03-29,1610612759,1
22301071,2024-03-29,1610612750,1
22301072,2024-03-29,1610612745,1
22301073,2024-03-29,1610612742,1
22301074,2024-03-30,1610612738,1
22301075,2024-03-30,1610612753,1
22301076,2024-03-30,1610612749,1
22301077,2024-03-31,1610612743,1
22301078,2024-03-31,1610612747,1
22301079,2024-03-31,1610612746,1
22301080,2024-03-31,1610612755,1
22301081,2024-03-31,1610612748,1
22301082,2024-03-31,1610612760,1
22301083,2024-03-31,1610612742,1
22301084,2024-03-31,1610612741,1
22301085,2024-03-31,1610612744,1
22301086,2024-03-31,1610612758,1
22301087,2024-04-01,1610612738,1
22301088,2024-04-01,1610612763,1
22301089,2024-04-01,1610612754,1
22301090,2024-04-01,1610612753,1
22301091,2024-04-01,1610612737,1
22301092,2024-04-01,1610612756,1
22301094,2024-04-02,1610612747,1
22301095,2024-04-02,1610612764,1
22301093,2024-04-02,1610612755,1
22301096,2024-04-02,1610612748,1
22301098,2024-04-02,1610612750,1
22301099,2024-04-02,1610612743,1
22301100,2024-04-02,1610612739,1
22300589,2024-04-02,1610612744,1
22301101,2024-04-02,1610612758,1
22301102,2024-04-03,1610612757,1
22301103,2024-04-03,1610612747,1
22301104,2024-04-03,1610612737,1
22301105,2024-04-03,1610612738,1
22301106,2024-04-03,1610612751,1
22301107,2024-04-03,1610612763,1
22301108,2024-04-03,1610612750,1
22301109,2024-04-03,1610612753,1
22301110,2024-04-03,1610612756,1
22301111,2024-04-04,1610612755,1
22301112,2024-04-04,1610612752,1
22301124,2024-04-04,1610612742,1
22301113,2024-04-04,1610612744,1
22301114,2024-04-04,1610612746,1
22301115,2024-04-05,1610612766,1
22301116,2024-04-05,1610612754,1
22301117,2024-04-05,1610612757,1
22301118,2024-04-05,1610612738,1
22301119,2024-04-05,1610612741,1
22301120,2024-04-05,1610612748,1
22301121,2024-04-05,1610612763,1
22301122,2024-04-05,1610612761,1
22301123,2024-04-05,1610612759,1
22301097,2024-04-05,1610612742,1
22301125,2024-04-05,1610612756,1
22301126,2024-04-05,1610612746,1
22301127,2024-04-06,1610612747,1
22301128,2024-04-06,1610612751,1
22301129,2024-04-06,1610612755,1
22301130,2024-04-06,1610612743,1
22301131,2024-04-07,1610612742,1
22301132,2024-04-07,1610612746,1
22301133,2024-04-07,1610612754,1
22301134,2024-04-07,1610612738,1
22301135,2024-04-07,1610612760,1
22301136,2024-04-07,1610612753,1
22301137,2024-04-07,1610612761,1
22301138,2024-04-07,1610612740,1
22301139,2024-04-07,1610612752,1
22301140,2024-04-07,1610612755,1
22301141,2024-04-07,1610612758,1
22301142,2024-04-07,1610612744,1
22301143,2024-04-07,1610612750,1
22301144,2024-04-09,1610612742,1
22301145,2024-04-09,1610612755,1
22301146,2024-04-09,1610612754,1
22301147,2024-04-09,1610612748,1
22301148,2024-04-09,1610612749,1
22301149,2024-04-09,1610612752,1
22301150,2024-04-09,1610612745,1
22301151,2024-04-09,1610612759,1
22301152,2024-04-09,1610612750,1
22301153,2024-04-09,1610612760,1
22301154,2024-04-09,1610612743,1
22301155,2024-04-09,1610612744,1
22301156,2024-04-09,1610612746,1
22301157,2024-04-09,1610612740,1
22301158,2024-04-10,1610612739,1
22301159,2024-04-10,1610612766,1
22301160,2024-04-10,1610612751,1
22301161,2024-04-10,1610612742,1
22301162,2024-04-10,1610612749,1
22301163,2024-04-10,1610612760,1
22301164,2024-04-10,1610612743,1
22301165,2024-04-10,1610612756,1
22301166,2024-04-11,1610612741,1
22301167,2024-04-11,1610612752,1
22301168,2024-04-11,1610612762,1
22301169,2024-04-11,1610612744,1
22301170,2024-04-11,1610612740,1
22301171,2024-04-12,1610612755,1
22301172,2024-04-12,1610612741,1
22301173,2024-04-12,1610612738,1
22301174,2024-04-12,1610612739,1
22301175,2024-04-12,1610612752,1
22301176,2024-04-12,1610612748,1
22301177,2024-04-12,1610612747,1
22301178,2024-04-12,1610612750,1
22301179,2024-04-12,1610612760,1
22301180,2024-04-12,1610612759,1
22301181,2024-04-12,1610612765,1
22301182,2024-04-12,1610612740,1
22301183,2024-04-12,1610612745,1
22301184,2024-04-12,1610612762,1
22301185,2024-04-12,1610612756,1
22301186,2024-04-14,1610612738,1
22301187,2024-04-14,1610612766,1
22301188,2024-04-14,1610612754,1
22301189,2024-04-14,1610612748,1
22301190,2024-04-14,1610612752,1
22301191,2024-04-14,1610612753,1
22301192,2024-04-14,1610612755,1
22301193,2024-04-14,1610612743,1
22301194,2024-04-14,1610612756,1
22301195,2024-04-14,1610612747,1
22301196,2024-04-14,1610612760,1
22301197,2024-04-14,1610612759,1
22301198,2024-04-14,1610612744,1
22301199,2024-04-14,1610612745,1
22301200,2024-04-14,1610612758,1
